id,listed_on_category_page,subcategory,title,url,sku,price_shown,pricing_type,tier_1,tier_2,tier_3,tier_4,tier_5,tier_6,units_available,inventory_name,main_image_file,gallery_image_files,image_urls,main_image_alt,short_description,description,addons (name: DKK),categories
492,yes,E-BIKES,E-Bike – size 44 (150-165 cm),https://rentabike.fo/product/felt-verza-e30-size-44/,Verza-E30,From kr.300.00 - kr.450.00 Unit Price,day ranges,1 - 1 days: kr.450.00 / Day,2 - 6 days: kr.400.00 / Day,7 - 13 days: kr.350.00 / Day,14 - 20 days: kr.300.00 / Day,,,3,MBK Nobly 1 (44),Design-uden-navn-58.png,turn-the-motor-onoff.png | Design-uden-navn-2025-06-06T105016.102.png,https://rentabike.fo/wp-content/uploads/2019/02/Design-uden-navn-58.png | https://rentabike.fo/wp-content/uploads/2019/02/turn-the-motor-onoff.png | https://rentabike.fo/wp-content/uploads/2024/11/Design-uden-navn-2025-06-06T105016.102.png,E-Bike - size 44 (150-165 cm),,"High-end e-bike created for the busy life. Expect first-class comfort combined with sharp handling that delivers cycling joy time and time again. Equipped with a powerful electric system from Yamaha that can tackle any hill – effortlessly. E-bike with 8 gear and hand breaks.
MBK Nolby Range is up to approx. 130 km per charge.
In the Faroe Islands, expect around 100 km depending on wind, hills and support level.","2 rental bags for rear rack (2*20l.): 100; 3 bags for rear rack for rent (2*20l.+10l.)): 150; Bag storrage - one bag: 100; Basket 23-25 liter for rear rack for rent: 100; Garmin/Wahoo GPS out front compatibel med GoPro: 100; Helmet for rent: 50; Pedals for MTB (SPD) for rent: 100; Pedals for Road Bike (SPD-SL) for rent: 100; Pedals Look Keo for rent: 100; Smartphone Mount for rent. Max device size 6,6''.: 50; Water bottle with logo for sale: 89",E-BIKES | RENT A BIKE
28499,yes,E-BIKES,E-Bike size 48 (160-180 cm),https://rentabike.fo/product/e-bike-winther-blue-size-48-160-180-cm/,blue,From kr.300.00 - kr.450.00 Unit Price,day ranges,1 - 1 days: kr.450.00 / Day,2 - 6 days: kr.400.00 / Day,7 - 13 days: kr.350.00 / Day,14 - 20 days: kr.300.00 / Day,,,2,Blue Winther Superbe 3 48cm blå,Design-uden-navn-78.png,Untitled-design-2022-03-08T155713.575.jpg | The-display-has-2-differrent-assist-functions-•-Assist-levels-1-5-choosable-by-using-updown-buttons.-•-Walk-assist-is-selected-by-holding-down-the-down-button.-•-Light-is-toggled-on-and-off-b.png,https://rentabike.fo/wp-content/uploads/2024/09/Design-uden-navn-78.png | https://rentabike.fo/wp-content/uploads/2025/02/Untitled-design-2022-03-08T155713.575.jpg | https://rentabike.fo/wp-content/uploads/2022/08/The-display-has-2-differrent-assist-functions-•-Assist-levels-1-5-choosable-by-using-updown-buttons.-•-Walk-assist-is-selected-by-holding-down-the-down-button.-•-Light-is-toggled-on-and-off-b.png,E-Bike size 48 (160-180 cm),,"Lightweight electric bike with an upright riding position, which makes it comfortable to ride long rides. In addition, the bike is equipped with a center motor, which ensures that the center of gravity and balance are top notch. E-bike with 8 gear and foot brake. brake.
Luggage carrier battery 400 WH/11.1 AH – up to 100 km on one charge.
In the Faroe Islands, expect around 80 km depending on wind, hills and support level.","1 bag for rear rack for rent (8l.): 50; 2 rental bags for rear rack (2*20l.): 100; 3 bags for rear rack for rent (2*20l.+10l.)): 150; Bag storrage - one bag: 100; Basket 23-25 liter for rear rack for rent: 100; Helmet for rent: 50; Pedals for MTB (SPD) for rent: 100; Pedals for Road Bike (SPD-SL) for rent: 100; Pedals Look Keo for rent: 100; Smartphone Mount for rent. Max device size 6,6''.: 50; Water bottle with logo for sale: 89",E-BIKES | RENT A BIKE
31734,yes,E-BIKES,E-bike size 52 (170-185 cm),https://rentabike.fo/product/e-bike-size-52-170-185-cm/,,From kr.300.00 - kr.450.00 Unit Price,day ranges,1 - 1 days: kr.450.00 / Day,2 - 6 days: kr.400.00 / Day,7 - 13 days: kr.350.00 / Day,14 - 20 days: kr.300.00 / Day,,,5,MBK Nobly 52,Design-uden-navn-58.png,MBK-Nolby-display-1.jpg | 903219015.jpg | The-display-has-2-differrent-assist-functions-•-Assist-levels-1-5-choosable-by-using-updown-buttons.-•-Walk-assist-is-selected-by-holding-down-the-down-button.-•-Light-is-toggled-on-and-off-b.png | Design-uden-navn-2026-05-26T111519.170.png,https://rentabike.fo/wp-content/uploads/2019/02/Design-uden-navn-58.png | https://rentabike.fo/wp-content/uploads/2019/02/MBK-Nolby-display-1.jpg | https://rentabike.fo/wp-content/uploads/2022/02/903219015.jpg | https://rentabike.fo/wp-content/uploads/2022/08/The-display-has-2-differrent-assist-functions-•-Assist-levels-1-5-choosable-by-using-updown-buttons.-•-Walk-assist-is-selected-by-holding-down-the-down-button.-•-Light-is-toggled-on-and-off-b.png | https://rentabike.fo/wp-content/uploads/2022/03/Design-uden-navn-2026-05-26T111519.170.png,E-bike size 52 (170-185 cm),,"High-end e-bike created for the busy life. Expect first-class comfort combined with sharp handling that delivers cycling joy time and time again. Equipped with a powerful electric system from Yamaha that can tackle any hill – effortlessly. E-bike with 8 gear and hand breaks.
MBK Nolby Range is up to approx. 130 km per charge.
In the Faroe Islands, expect around 100 km depending on wind, hills and support level.","1 bag for rear rack for rent (8l.): 50; 2 rental bags for rear rack (2*20l.): 100; 3 bags for rear rack for rent (2*20l.+10l.)): 150; Bag storrage - one bag: 100; Basket 23-25 liter for rear rack for rent: 100; Garmin/Wahoo GPS out front compatibel med GoPro: 100; Helmet for rent: 50; Pedals for MTB (SPD) for rent: 100; Pedals for Road Bike (SPD-SL) for rent: 100; Pedals Look Keo for rent: 100; Smartphone Mount for rent. Max device size 6,6''.: 50; Water bottle with logo for sale: 89",E-BIKES
28500,yes,E-BIKES,E-Bike size 54 (170-190 cm),https://rentabike.fo/product/e-bike-winther-blue-size-54-170-190-cm/,,From kr.250.00 - kr.450.00 Unit Price,day ranges,1 - 1 days: kr.450.00 / Day,2 - 6 days: kr.400.00 / Day,7 - 13 days: kr.350.00 / Day,14 - 20 days: kr.300.00 / Day,21 - 28 days: kr.250.00 / Day,,3,Blue Winther Superbe 3 54 cm blå,Design-uden-navn-78.png,Untitled-design-2022-03-08T155713.575.jpg | The-display-has-2-differrent-assist-functions-•-Assist-levels-1-5-choosable-by-using-updown-buttons.-•-Walk-assist-is-selected-by-holding-down-the-down-button.-•-Light-is-toggled-on-and-off-b.png,https://rentabike.fo/wp-content/uploads/2024/09/Design-uden-navn-78.png | https://rentabike.fo/wp-content/uploads/2025/02/Untitled-design-2022-03-08T155713.575.jpg | https://rentabike.fo/wp-content/uploads/2022/08/The-display-has-2-differrent-assist-functions-•-Assist-levels-1-5-choosable-by-using-updown-buttons.-•-Walk-assist-is-selected-by-holding-down-the-down-button.-•-Light-is-toggled-on-and-off-b.png,E-Bike size 54 (170-190 cm),,"Lightweight electric bike with an upright riding position, which makes it comfortable to ride long rides. In addition, the bike is equipped with a center motor, which ensures that the center of gravity and balance are top notch. E-bike with 8 gear and foot brake. brake.
Luggage carrier battery 400 WH/11.1 AH – up to 100 km on one charge.
In the Faroe Islands, expect around 80 km depending on wind, hills and support level.","1 bag for rear rack for rent (8l.): 50; 2 rental bags for rear rack (2*20l.): 100; 3 bags for rear rack for rent (2*20l.+10l.)): 150; Bag storrage - one bag: 100; Basket 23-25 liter for rear rack for rent: 100; Helmet for rent: 50; Pedals for MTB (SPD) for rent: 100; Pedals for Road Bike (SPD-SL) for rent: 100; Pedals Look Keo for rent: 100; Smartphone Mount for rent. Max device size 6,6''.: 50; Water bottle with logo for sale: 89",E-BIKES | RENT A BIKE
31737,yes,E-BIKES,E-bike size 56 (180–195 cm),https://rentabike.fo/product/e-bike-size-56-180-195-cm/,,From kr.300.00 - kr.450.00 Unit Price,day ranges,1 - 1 days: kr.450.00 / Day,2 - 6 days: kr.400.00 / Day,6 - 13 days: kr.350.00 / Day,14 - 20 days: kr.300.00 / Day,,,2,MBK Nobly 1 56,Design-uden-navn-58.png,MBK-Nolby-display-1.jpg,https://rentabike.fo/wp-content/uploads/2019/02/Design-uden-navn-58.png | https://rentabike.fo/wp-content/uploads/2019/02/MBK-Nolby-display-1.jpg,E-bike size 56 (180–195 cm),,"High-end e-bike created for the busy life. Expect first-class comfort combined with sharp handling that delivers cycling joy time and time again. Equipped with a powerful electric system from Yamaha that can tackle any hill – effortlessly. E-bike with 8 gear and hand breaks.
MBK Nolby Range is up to approx. 130 km per charge.
In the Faroe Islands, expect around 100 km depending on wind, hills and support level.","1 bag for rear rack for rent (8l.): 50; 2 rental bags for rear rack (2*20l.): 100; 3 bags for rear rack for rent (2*20l.+10l.)): 150; Bag storrage - one bag: 100; Basket 23-25 liter for rear rack for rent: 100; Garmin/Wahoo GPS out front compatibel med GoPro: 100; Helmet for rent: 50; Pedals for MTB (SPD) for rent: 100; Pedals for Road Bike (SPD-SL) for rent: 100; Pedals Look Keo for rent: 100; Smartphone Mount for rent. Max device size 6,6''.: 50; Water bottle with logo for sale: 89",E-BIKES
5660,yes,E-BIKES,E-Bike Gravel – size 19 (160-180 cm),https://rentabike.fo/product/dark-image-19/,Rentabike1002,From kr.200.00 - kr.450.00 Unit Price,day ranges,1 - 1 days: kr.450.00 / Day,2 - 6 days: kr.400.00 / Day,7 - 13 days: kr.350.00 / Day,14 - 20 days: kr.300.00 / Day,21 - 27 days: kr.250.00 / Day,28 - 60 days: kr.200.00 / Day,2,19 Centurion E-BIKE DARK IMAGE,9032190419.jpg,The-display-has-2-differrent-assist-functions-•-Assist-levels-1-5-choosable-by-using-updown-buttons.-•-Walk-assist-is-selected-by-holding-down-the-down-button.-•-Light-is-toggled-on-and-off-b.png,https://rentabike.fo/wp-content/uploads/2022/03/9032190419.jpg | https://rentabike.fo/wp-content/uploads/2022/08/The-display-has-2-differrent-assist-functions-•-Assist-levels-1-5-choosable-by-using-updown-buttons.-•-Walk-assist-is-selected-by-holding-down-the-down-button.-•-Light-is-toggled-on-and-off-b.png,E-Bike Gravel - size 19 (160-180 cm),"Centurion Dark Image E is a highly specified all-round electric bike. One charge gives 60km.
Dark Image E is based on a smart and robust frame, and is filled with high-performance components such as a sporty rear-wheel engine, wide gravel tires and external gears. Dark Image E is effective in all types of weather, and can handle almost any terrain. All in all, the Dark Image E is ideal for a mix of everyday and leisure use.",,"2 rental bag for rear rack (2*20l) and rear rack: 200; 3 rental bag for rear rack (2*20l) and rear rack: 250; Bag storrage - one bag: 100; Basket 23-25 liter for rear rack for rent: 100; Bike carrier for car back door: 100; Bike carrier for car hook for rent: 100; Helmet for rent: 50; Pedals for MTB (SPD) for rent: 100; Pedals for Road Bike (SPD-SL) for rent: 100; Pedals Look Keo for rent: 100; Smartphone Mount for rent. Max device size 6,6''.: 50; Water bottle with logo for sale: 89",E-BIKES | RENT A BIKE
5666,yes,E-BIKES,E-Bike Gravel – size 21 (170-190 cm),https://rentabike.fo/product/dark-image-21/,rentabike1004,From kr.200.00 - kr.450.00 Unit Price,day ranges,1 - 1 days: kr.450.00 / Day,2 - 6 days: kr.400.00 / Day,7 - 13 days: kr.350.00 / Day,14 - 20 days: kr.300.00 / Day,21 - 27 days: kr.250.00 / Day,28 - 60 days: kr.200.00 / Day,1,21 CENTURION E-BIKE DARK IMAGE,Untitled-design-27.png,The-display-has-2-differrent-assist-functions-•-Assist-levels-1-5-choosable-by-using-updown-buttons.-•-Walk-assist-is-selected-by-holding-down-the-down-button.-•-Light-is-toggled-on-and-off-b.png,https://rentabike.fo/wp-content/uploads/2022/03/Untitled-design-27.png | https://rentabike.fo/wp-content/uploads/2022/08/The-display-has-2-differrent-assist-functions-•-Assist-levels-1-5-choosable-by-using-updown-buttons.-•-Walk-assist-is-selected-by-holding-down-the-down-button.-•-Light-is-toggled-on-and-off-b.png,E-Bike Gravel - size 21 (170-190 cm),"Centurion Dark Image E is a highly specified all-round electric bike. One charge gives 60km.
Dark Image E is based on a smart and robust frame, and is filled with high-performance components such as a sporty rear-wheel engine, wide gravel tires and external gears. Dark Image E is effective in all types of weather, and can handle almost any terrain. All in all, the Dark Image E is ideal for a mix of everyday and leisure use.",,"2 rental bag for rear rack (2*20l) and rear rack: 200; 3 rental bag for rear rack (2*20l) and rear rack: 250; Bag storrage - one bag: 100; Bike carrier for car back door: 100; Bike carrier for car hook for rent: 100; Helmet for rent: 50; Pedals for MTB (SPD) for rent: 100; Pedals for Road Bike (SPD-SL) for rent: 100; Pedals Look Keo for rent: 100; Rear rack for rent: 100; Smartphone Mount for rent. Max device size 6,6''.: 50; Water bottle with logo for sale: 89",E-BIKES | RENT A BIKE
1361,yes,MOUNTAIN BIKES,Mountain Bike size 15″ (160-170 CM),https://rentabike.fo/product/mountain-bike-size-15%e2%80%b3-160-170-cm/,size 15,From kr.100.00 - kr.350.00 Unit Price,day ranges,1 - 1 days: kr.350.00 / Day,2 - 6 days: kr.300.00 / Day,7 - 13 days: kr.250.00 / Day,14 - 20 days: kr.200.00 / Day,21 - 27 days: kr.150.00 / Day,28 - 60 days: kr.100.00 / Day,2,"Mountain bike 15"" adult",Design-uden-navn-89.png,,https://rentabike.fo/wp-content/uploads/2020/05/Design-uden-navn-89.png,Mountain Bike size 15″ (160-170 CM),,Principia 29″ MTB with air fork and remote lock out. 10 external Shimano Deore gear (11-42T /34T) and hydraulic disk brake.,"1 frame bag for rent (3l.): 100; 1 front bag for rent (3l.): 100; 1 saddle bag for rent (8l.-13l./14l.): 100; 2 rental bag for rear rack (2*20l) and rear rack: 200; 3 rental bag for rear rack (2*20l) and rear rack: 250; Bag storrage - one bag: 100; Bike carrier for car back door: 100; Bike carrier for car hook for rent: 100; Garmin/Wahoo GPS out front compatibel med GoPro: 100; Helmet for rent: 50; Pedals for MTB (SPD) for rent: 100; Pedals for Road Bike (SPD-SL) for rent: 100; Pedals Look Keo for rent: 100; Rear rack for rent: 100; Smartphone Mount for rent. Max device size 6,6''.: 50; Water bottle with logo for sale: 89",MOUNTAIN BIKES | RENT A BIKE
467,yes,MOUNTAIN BIKES,Mountain Bike size 17″ (170-180 cm),https://rentabike.fo/product/mountain-bike-evoke-size-xm/,Principia 9/70-1-1,From kr.100.00 - kr.350.00 Unit Price,day ranges,1 - 1 days: kr.350.00 / Day,2 - 6 days: kr.300.00 / Day,7 - 13 days: kr.250.00 / Day,14 - 20 days: kr.200.00 / Day,21 - 27 days: kr.150.00 / Day,28 - 60 days: kr.100.00 / Day,3,"Mountain bike 17"" adult",Design-uden-navn-89.png,Principia-Evoke-A6.9-Air-29in-Deore-1x10sp-Hydr.-disc-19in-483mm-Grøn-m.-sølv-e1590751193494.jpg,https://rentabike.fo/wp-content/uploads/2020/05/Design-uden-navn-89.png | https://rentabike.fo/wp-content/uploads/2019/01/Principia-Evoke-A6.9-Air-29in-Deore-1x10sp-Hydr.-disc-19in-483mm-Grøn-m.-sølv-e1590751193494.jpg,"Mountain Bike size 17"" (170-180 cm)",,"Principia 29″ MTB with air fork and remote lock out. 10 external Shimano Deore gear (11-42T / 34T) and hydraulic disc brake.
A good choice for cycling in the Faroe Islands.","1 frame bag for rent (3l.): 100; 1 front bag for rent (3l.): 100; 2 rental bag for rear rack (2*20l) and rear rack: 200; 3 rental bag for rear rack (2*20l) and rear rack: 250; Bag storrage - one bag: 100; Bike carrier for car back door: 100; Bike carrier for car hook for rent: 100; Garmin/Wahoo GPS out front compatibel med GoPro: 100; Helmet for rent: 50; Pedals for MTB (SPD) for rent: 100; Pedals for Road Bike (SPD-SL) for rent: 100; Pedals Look Keo for rent: 100; Rear rack for rent: 100; Smartphone Mount for rent. Max device size 6,6''.: 50; Water bottle with logo for sale: 89",MOUNTAIN BIKES | RENT A BIKE
468,yes,MOUNTAIN BIKES,Mountain Bike size 19″ (180-190 cm),https://rentabike.fo/product/mountain-bike-evoke-size-md/,Principia 29 - 1,From kr.100.00 - kr.350.00 Unit Price,day ranges,1 - 1 days: kr.350.00 / Day,2 - 6 days: kr.300.00 / Day,7 - 13 days: kr.250.00 / Day,14 - 20 days: kr.200.00 / Day,21 - 27 days: kr.150.00 / Day,28 - 60 days: kr.100.00 / Day,3,"Mountain bike 19"" Adult",Design-uden-navn-89.png,Principia-Evoke-A6.9-Air-29in-Deore-1x10sp-Hydr.-disc-19in-483mm-Grøn-m.-sølv-e1590751193494.jpg,https://rentabike.fo/wp-content/uploads/2020/05/Design-uden-navn-89.png | https://rentabike.fo/wp-content/uploads/2019/01/Principia-Evoke-A6.9-Air-29in-Deore-1x10sp-Hydr.-disc-19in-483mm-Grøn-m.-sølv-e1590751193494.jpg,"Mountain Bike size 19"" (180-190 cm)",,"Principia 29″ MTB with air fork and remote lock out. 10 external Shimano Deore gear (11-42T / 34T) and hydraulic disc brake.
A good choice for cycling in the Faroe Islands.","1 front bag for rent (3l.): 100; 1 saddle bag for rent (8l.-13l./14l.): 100; 2 rental bag for rear rack (2*20l) and rear rack: 200; 3 rental bag for rear rack (2*20l) and rear rack: 250; Bag storrage - one bag: 100; Bike carrier for car back door: 100; Bike carrier for car hook for rent: 100; Garmin/Wahoo GPS out front compatibel med GoPro: 100; Helmet for rent: 50; Pedals for MTB (SPD) for rent: 100; Pedals for Road Bike (SPD-SL) for rent: 100; Pedals Look Keo for rent: 100; Rear rack for rent: 100; Smartphone Mount for rent. Max device size 6,6''.: 50; Water bottle with logo for sale: 89",MOUNTAIN BIKES | RENT A BIKE
469,yes,MOUNTAIN BIKES,Mountain Bike size 21″ (187-196 cm),https://rentabike.fo/product/mountain-bike-evoke-size-lg/,Principia 29,From kr.100.00 - kr.350.00 Unit Price,day ranges,1 - 1 days: kr.350.00 / Day,2 - 6 days: kr.300.00 / Day,7 - 13 days: kr.250.00 / Day,14 - 20 days: kr.200.00 / Day,21 - 27 days: kr.150.00 / Day,28 - 60 days: kr.100.00 / Day,2,"Mountain bike 21"" adult",Design-uden-navn-89.png,Principia-Evoke-A6.9-Air-29in-Deore-1x10sp-Hydr.-disc-19in-483mm-Grøn-m.-sølv-e1590751193494.jpg,https://rentabike.fo/wp-content/uploads/2020/05/Design-uden-navn-89.png | https://rentabike.fo/wp-content/uploads/2019/01/Principia-Evoke-A6.9-Air-29in-Deore-1x10sp-Hydr.-disc-19in-483mm-Grøn-m.-sølv-e1590751193494.jpg,"Mountain Bike size 21"" (187-196 cm)",,"Principia 29″ MTB with air fork and remote lock out. 10 external Shimano Deore gear (11-42T / 34T) and hydraulic disc brake.
A good choice for cycling in the Faroe Islands.","1 front bag for rent (3l.): 100; 1 saddle bag for rent (8l.-13l./14l.): 100; 2 rental bag for rear rack (2*20l) and rear rack: 200; 3 rental bag for rear rack (2*20l) and rear rack: 250; Bag storrage - one bag: 100; Bike carrier for car back door: 100; Bike carrier for car hook for rent: 100; Garmin/Wahoo GPS out front compatibel med GoPro: 100; Helmet for rent: 50; Pedals for MTB (SPD) for rent: 100; Pedals for Road Bike (SPD-SL) for rent: 100; Pedals Look Keo for rent: 100; Rear rack for rent: 100; Smartphone Mount for rent. Max device size 6,6''.: 50; Water bottle with logo for sale: 89",MOUNTAIN BIKES | RENT A BIKE
26159,yes,MOUNTAIN BIKES,Mountain Bike Carbon with drop saddle – Felt Doctrine size 16,https://rentabike.fo/product/doctrine-size-16/,,From kr.300.00 - kr.500.00 Unit Price,day ranges,1 - 1 days: kr.500.00 / Day,2 - 6 days: kr.450.00 / Day,7 - 13 days: kr.400.00 / Day,14 - 20 days: kr.350.00 / Day,21 - 27 days: kr.300.00 / Day,,1,Doctrine 16,Design-uden-navn-31.png,,https://rentabike.fo/wp-content/uploads/2024/05/Design-uden-navn-31.png,Mountain Bike Carbon with drop saddle - Felt Doctrine size 16,,"Frame: Felt XC, UHC Advanced carbon fiber, MMC with InsideOut construction, full carbon dropouts, ControlTaper head tube, Kevlar chain watcher, replaceable derailleur hanger, flat mount disc mounts, BB92, 12 x 148mm Syntace style thru axle, internal derailleur cable routing
Fork: RockShox Sid RL Debonair with Charger 2, 100mm travel, OneLoc remote, 15 x 110mm Boost thru axle
Headset: FSA integrated sealed cartridge bearing, No.42ACB-A, 1.125” – 1.5”
Stem: Devox, ±7° rise, Ø31.8mm with Cr-Mo bolts, XS/SM: 60mm, M/L: 70mm, XL: 90mm
Handlebar: Devox carbon flat top, Ø31.8mm, 8mm rise, 9° sweep, 720mm wide
Grips: Silicone Foam
Shifters: SRAM X01, 1×12
Rear Derailleur: SRAM X01 Eagle, 12-speed
Crankset: SRAM X01 Eagle, 34T, XS/SM: 170mm, MD/LG/XL: 175mm
Chainguide: One Up S3, Low direct top guide
Bottom Bracket: SRAM GXP BB92
Chain: SRAM X01, 12-speed
Freewheel / Cassette: SRAM XG1295, 12-speed, 10-50T
Brake Levers: SRAM Level TLM
Brake (Front): SRAM Level TLM hydraulic disc, 180mm rotor
Brake (Rear): SRAM Level TLM hydraulic disc, 160mm rotor
Saddle: Prologo Kappa RS, T2.0 rails
Seatpost: Devox carbon post, forged head, 15mm offset, Ø27.2, XS/SM: 350mm, MD/LG/XL: 400mm
Seatpost Clamp: Felt single bolt, Ø31.8mm
Rims / Wheelset: DT Swiss M1900 wheelset, tubeless ready, 25mm inner width
Front Hub: DT, 15 x 110mm Boost thru axle, 6-bolt
Rear Hub: DT, XD driver, 12 x 148mm Boost thru axle, 6-bolt
Thru Axles: Rear: Felt leverless 12 x 148 x 166L Syntace style, thread: M12 x 1.0
Tires: Schwalbe Rocket Ron front + Racing Ralph rear Evo, LiteSkin, Addix speed, folding,tubeless ready, 29 x 2.25”","1 frame bag for rent (3l.): 100; 1 front bag for rent (3l.): 100; 1 saddle bag for rent (8l.-13l./14l.): 100; Bag storrage - one bag: 100; Garmin/Wahoo GPS out front compatibel med GoPro: 100; Helmet for rent: 50; Pedals for MTB (SPD) for rent: 100; Pedals for Road Bike (SPD-SL) for rent: 100; Pedals Look Keo for rent: 100; Smartphone Mount for rent. Max device size 6,6''.: 50; Water bottle with logo for sale: 89",MOUNTAIN BIKES | RENT A BIKE
26161,yes,MOUNTAIN BIKES,Mountain Bike Carbon with drop saddle – Felt Doctrine size 18,https://rentabike.fo/product/felt-mountain-bike-carbon-doctrine-size-18/,,From kr.400.00 - kr.500.00 Unit Price,day ranges,1 - 1 days: kr.500.00 / Day,2 - 6 days: kr.450.00 / Day,7 - 13 days: kr.400.00 / Day,14 - 20 days: kr.450.00 / Day,21 - 27 days: kr.400.00 / Day,,1,doctrine 18,Design-uden-navn-31.png,,https://rentabike.fo/wp-content/uploads/2024/05/Design-uden-navn-31.png,Mountain Bike Carbon with drop saddle - Felt Doctrine size 18,,"Frame: Felt XC, UHC Advanced carbon fiber, MMC with InsideOut construction, full carbon
dropouts, ControlTaper head tube, Kevlar chain watcher, replaceable derailleur hanger,
flat mount disc mounts, BB92, 12 x 148mm Syntace style thru axle, internal derailleur
cable routing
Fork: RockShox Sid RL Debonair with Charger 2, 100mm travel, OneLoc remote, 15 x 110mm
Boost thru axle
Headset: FSA integrated sealed cartridge bearing, No.42ACB-A, 1.125” – 1.5”
Stem: Devox, ±7° rise, Ø31.8mm with Cr-Mo bolts, XS/SM: 60mm, M/L: 70mm, XL: 90mm
Handlebar:
Devox carbon flat top, Ø31.8mm, 8mm rise, 9° sweep, 720mm wide
Grips: Silicone Foam
Shifters: SRAM X01, 1×12
Rear Derailleur: SRAM X01 Eagle, 12-speed
Crankset: SRAM X01 Eagle, 34T, XS/SM: 170mm, MD/LG/XL: 175mm
Chainguide: One Up S3, Low direct top guide
Bottom Bracket: SRAM GXP BB92
Chain: SRAM X01, 12-speed
Freewheel / Cassette: SRAM XG1295, 12-speed, 10-50T
Brake Levers: SRAM Level TLM
Brake (Front): SRAM Level TLM hydraulic disc, 180mm rotor
Brake (Rear): SRAM Level TLM hydraulic disc, 160mm rotor
Saddle: Prologo Kappa RS, T2.0 rails
Seatpost: Devox carbon post, forged head, 15mm offset, Ø27.2, XS/SM: 350mm, MD/LG/XL:
400mm
Seatpost Clamp: Felt single bolt, Ø31.8mm
Rims / Wheelset: DT Swiss M1900 wheelset, tubeless ready, 25mm inner width
Front Hub: DT, 15 x 110mm Boost thru axle, 6-bolt
Rear Hub: DT, XD driver, 12 x 148mm Boost thru axle, 6-bolt
Thru Axles: Rear: Felt leverless 12 x 148 x 166L Syntace style, thread: M12 x 1.0
Tires: Schwalbe Rocket Ron front + Racing Ralph rear Evo, LiteSkin, Addix speed, folding,
tubeless ready, 29 x 2.25”","1 frame bag for rent (3l.): 100; 1 front bag for rent (3l.): 100; 1 saddle bag for rent (8l.-13l./14l.): 100; Garmin/Wahoo GPS out front compatibel med GoPro: 100; Helmet for rent: 50; Pedals for MTB (SPD) for rent: 100; Pedals for Road Bike (SPD-SL) for rent: 100; Pedals Look Keo for rent: 100; Smartphone Mount for rent. Max device size 6,6''.: 50; Water bottle with logo for sale: 89",MOUNTAIN BIKES | RENT A BIKE
13093,yes,MOUNTAIN BIKES,Mountain Bike Dual Suspension Large (179-191 cm),https://rentabike.fo/product/dual-suspension-mountain-bike-medium-2/,rentabike1001,From kr.200.00 - kr.450.00 Unit Price,day ranges,1 - 1 days: kr.450.00 / Day,2 - 6 days: kr.400.00 / Day,7 - 13 days: kr.350.00 / Day,14 - 20 days: kr.300.00 / Day,21 - 27 days: kr.250.00 / Day,28 - 60 days: kr.200.00 / Day,1,Dual Suspension Mountain Bike CUBE Large,C553100.jpg,,https://rentabike.fo/wp-content/uploads/2022/02/C553100.jpg,Mountain Bike Dual Suspension Large (179-191 cm),,"The CUBE Stereo 120 is all about providing the best performance at the lowest possible weight. Hydroformed tubing is triple butted to save as much weight as possible without sacrificing strength. The tapered head tube and Boost 148 rear axle ensure steering precision and excellent pedaling efficiency. And it’s all built around our Efficient Trail Control kinematics and a 130mm fork, with Agile Trail Geometry putting you firmly in control at all times. Sram NX Eagle™, 12-Speed and SizeSplit XS option with 27.5in wheels for riders who are shorter in stature, but don’t want to sacrifice performance.","Bag storrage - one bag: 100; Garmin/Wahoo GPS out front compatibel med GoPro: 100; Helmet for rent: 50; Pedals for MTB (SPD) for rent: 100; Pedals for Road Bike (SPD-SL) for rent: 100; Pedals Look Keo for rent: 100; Smartphone Mount for rent. Max device size 6,6''.: 50; Water bottle with logo for sale: 89",MOUNTAIN BIKES | RENT A BIKE
13092,yes,MOUNTAIN BIKES,Mountain Bike Dual Suspension Medium (167-181 cm),https://rentabike.fo/product/dual-suspension-mountain-bike-medium/,rentabike1006,From kr.200.00 - kr.450.00 Unit Price,day ranges,1 - 1 days: kr.450.00 / Day,2 - 6 days: kr.400.00 / Day,7 - 13 days: kr.350.00 / Day,14 - 20 days: kr.300.00 / Day,21 - 27 days: kr.250.00 / Day,28 - 60 days: kr.200.00 / Day,1,Dual Suspension Mountain Bike CUBE Medium,C553100.jpg,,https://rentabike.fo/wp-content/uploads/2022/02/C553100.jpg,Mountain Bike Dual Suspension Medium (167-181 cm),,"The CUBE Stereo 120 is all about providing the best performance at the lowest possible weight. Hydroformed tubing is triple butted to save as much weight as possible without sacrificing strength. The tapered head tube and Boost 148 rear axle ensure steering precision and excellent pedaling efficiency. And it’s all built around our Efficient Trail Control kinematics and a 130mm fork, with Agile Trail Geometry putting you firmly in control at all times. Sram NX Eagle™, 12-Speed and SizeSplit XS option with 27.5in wheels for riders who are shorter in stature, but don’t want to sacrifice performance.","Bag storrage - one bag: 100; Garmin/Wahoo GPS out front compatibel med GoPro: 100; Helmet for rent: 50; Pedals for MTB (SPD) for rent: 100; Pedals for Road Bike (SPD-SL) for rent: 100; Pedals Look Keo for rent: 100; Smartphone Mount for rent. Max device size 6,6''.: 50; Water bottle with logo for sale: 89",MOUNTAIN BIKES | RENT A BIKE
26718,yes,MOUNTAIN BIKES,Children bike 26″ (10-14 year),https://rentabike.fo/product/children-bike-26-10-14-year/,rentabike1008-1,From kr.100.00 - kr.200.00 Unit Price,day ranges,1 - 1 days: kr.200.00 / Day,2 - 6 days: kr.150.00 / Day,7 - 13 days: kr.125.00 / Day,14 - 20 days: kr.100.00 / Day,,,1,Giant 26,Design-uden-navn-33.png,,https://rentabike.fo/wp-content/uploads/2024/05/Design-uden-navn-33.png,"Children bike 26"" (10-14 year)",,Giant Revel W 3 * 8 gear,"Helmet for rent: 50; Smartphone Mount for rent. Max device size 6,6''.: 50; Water bottle with logo for sale: 89",MOUNTAIN BIKES
26722,yes,MOUNTAIN BIKES,"Children bike 27,5″ (14+ year)",https://rentabike.fo/product/children-bike-275-14-year/,rentabike1008-1-1,From kr.100.00 - kr.200.00 Unit Price,day ranges,1 - 1 days: kr.200.00 / Day,2 - 6 days: kr.150.00 / Day,7 - 13 days: kr.125.00 / Day,14 - 20 days: kr.100.00 / Day,,,1,"Giant 27,5 XS",Design-uden-navn-33-1.png,,https://rentabike.fo/wp-content/uploads/2024/05/Design-uden-navn-33-1.png,"Children bike 27,5"" (14+ year)",,Giant Revel W 3 * 9 gear Size XS,"Helmet for rent: 50; Smartphone Mount for rent. Max device size 6,6''.: 50; Water bottle with logo for sale: 89",MOUNTAIN BIKES
24887,yes,GRAVEL & CROSS BIKES,Gravel H10 size 45cm (155-175cm),https://rentabike.fo/product/principia-gravel-10-unisex-45cm/,,From kr.200.00 - kr.400.00 Unit Price,day ranges,1 - 1 days: kr.400.00 / Day,2 - 6 days: kr.350.00 / Day,7 - 20 days: kr.300.00 / Day,21 - 27 days: kr.250.00 / Day,28 - 61 days: kr.200.00 / Day,,2,Principia Gravel H10 - 45cm,Design-uden-navn-59.png,,https://rentabike.fo/wp-content/uploads/2024/04/Design-uden-navn-59.png,Gravel H10 size 45cm (155-175cm),,"Principia Gravel H10 aluminum 18 gear.
Cassette Sunrace Sunrace CSM90 9sp 11-32T and crankset Shimano FC-MT210 46/30T.
Front brake Shimano GRX RX400 hydraulic disc brake, 160 mm rotor abd rear brake Shimano GRX RX400 hydraulic disc brake, 160 mm rotor.
Wheels: Aluminum with thru-axle (12x125mm front, 12×160.5mm rear).
Wheel size: 28in (700).
Tires: Panaracer GravelKing SK 700x38C.
Weight: 11.9kg.","1 frame bag for rent (3l.): 100; 1 front bag for rent (3l.): 100; 1 saddle bag for rent (8l.-13l./14l.): 100; 2 rental bag for rear rack (2*20l) and rear rack: 200; 3 rental bag for rear rack (2*20l) and rear rack: 250; Bag storrage - one bag: 100; Bike carrier for car back door: 100; Bike carrier for car hook for rent: 100; Garmin/Wahoo GPS out front compatibel med GoPro: 100; Helmet for rent: 50; Pedals for MTB (SPD) for rent: 100; Pedals for Road Bike (SPD-SL) for rent: 100; Pedals Look Keo for rent: 100; Rear rack for rent: 100; Smartphone Mount for rent. Max device size 6,6''.: 50; Water bottle with logo for sale: 89",GRAVEL & CROSS BIKES
24979,yes,GRAVEL & CROSS BIKES,Gravel size 54cm (170-185 cm),https://rentabike.fo/product/gravel-30-size-54cm/,,From kr.200.00 - kr.400.00 Unit Price,day ranges,1 - 1 days: kr.400.00 / Day,2 - 6 days: kr.350.00 / Day,7 - 13 days: kr.300.00 / Day,14 - 27 days: kr.250.00 / Day,28 - 60 days: kr.200.00 / Day,,4,Principia Gravel 30 – 54cm,Design-uden-navn-6.png,Design-uden-navn-2022-08-30T111211.496.png,https://rentabike.fo/wp-content/uploads/2024/04/Design-uden-navn-6.png | https://rentabike.fo/wp-content/uploads/2022/08/Design-uden-navn-2022-08-30T111211.496.png,Gravel size 54cm (170-185 cm),,"Principia Gravel 30 aluminum 20 gear.
Cassette Sunrace CSMS1 10sp 11-34T and crankset Shimano GRX RX600 46-30T.
Front brake Shimano GRX RX400 hydraulic disc brake, 160 mm rotor and rear brake Shimano GRX RX400 hydraulic disc brake, 160 mm rotor.
Wheels: Aluminum with thru-axle (12x125mm front, 12×160.5mm rear).
Wheel size: 28in (700).
Tires: Panaracer GravelKing SK 700x38C.
Weight: 10.5kg.
or
Nishiki Gravel All Road alminium 20 gear.
Shimano Tiagra 4700 / Shimano Tiagra RD-4700 GS.
Shimano ST-4700 2×10.
Cassette: Shimano HG500 10sp 11-34 and crankset Samox AF37 50/34T 170mm /FSA TH-BB7420 STSQ, 110,5 mm.
Front brake Tektro HD-C705 semihydraulisk skivebremse and rear brake Tektro HD-C705 semihydraulisk skivebremse.
Wheel: Lite Asymetrisk disc.
Wheel size :28in (700).
Tires :Panaracer GravelKing SK 40-622.
Weight :11,3kg.","1 frame bag for rent (3l.): 100; 1 front bag for rent (3l.): 100; 1 saddle bag for rent (8l.-13l./14l.): 100; 2 rental bag for rear rack (2*20l) and rear rack: 200; 3 rental bag for rear rack (2*20l) and rear rack: 250; Bag storrage - one bag: 100; Bike carrier for car back door: 100; Bike carrier for car hook for rent: 100; Garmin/Wahoo GPS out front compatibel med GoPro: 100; Helmet for rent: 50; Pedals for MTB (SPD) for rent: 100; Pedals for Road Bike (SPD-SL) for rent: 100; Pedals Look Keo for rent: 100; Rear rack for rent: 100; Smartphone Mount for rent. Max device size 6,6''.: 50; Water bottle with logo for sale: 89",GRAVEL & CROSS BIKES
24981,yes,GRAVEL & CROSS BIKES,Gravel size 56cm (175-190 cm),https://rentabike.fo/product/gravel-30-size-56cm/,,From kr.150.00 - kr.400.00 Unit Price,day ranges,1 - 1 days: kr.400.00 / Day,2 - 6 days: kr.350.00 / Day,7 - 13 days: kr.300.00 / Day,14 - 20 days: kr.250.00 / Day,21 - 27 days: kr.200.00 / Day,28 - 60 days: kr.150.00 / Day,2,Principia Gravel 30 – 56cm,Design-uden-navn-6.png,Design-uden-navn-2022-08-30T111211.496-1.png,https://rentabike.fo/wp-content/uploads/2024/04/Design-uden-navn-6.png | https://rentabike.fo/wp-content/uploads/2022/08/Design-uden-navn-2022-08-30T111211.496-1.png,Gravel size 56cm (175-190 cm),,"Principia Gravel 30 aluminum 20 gear.
Cassette Sunrace CSMS1 10sp 11-34T and crankset Shimano GRX RX600 46-30T.
Front brake Shimano GRX RX400 hydraulic disc brake, 160 mm rotor and rear brake Shimano GRX RX400 hydraulic disc brake, 160 mm rotor.
Wheels: Aluminum with thru-axle (12x125mm front, 12×160.5mm rear).
Wheel size: 28in (700).
Tires: Panaracer GravelKing SK 700x38C.
Weight: 10.5kg.
or
Nishiki Gravel All Road alminium 20 gear.
Shimano Tiagra 4700 / Shimano Tiagra RD-4700 GS.
Shimano ST-4700 2×10.
Cassette: Shimano HG500 10sp 11-34 and crankset Samox AF37 50/34T 170mm /FSA TH-BB7420 STSQ, 110,5 mm.
Front brake Tektro HD-C705 semihydraulisk skivebremse and rear brake Tektro HD-C705 semihydraulisk skivebremse.
Wheel: Lite Asymetrisk disc.
Wheel size :28in (700).
Tires :Panaracer GravelKing SK 40-622.
Weight :11,3kg.","1 frame bag for rent (3l.): 100; 1 front bag for rent (3l.): 100; 1 saddle bag for rent (8l.-13l./14l.): 100; 2 rental bag for rear rack (2*20l) and rear rack: 200; 3 rental bag for rear rack (2*20l) and rear rack: 250; Bag storrage - one bag: 100; Bike carrier for car back door: 100; Bike carrier for car hook for rent: 100; Garmin/Wahoo GPS out front compatibel med GoPro: 100; Helmet for rent: 50; Pedals for MTB (SPD) for rent: 100; Pedals for Road Bike (SPD-SL) for rent: 100; Pedals Look Keo for rent: 100; Rear rack for rent: 100; Smartphone Mount for rent. Max device size 6,6''.: 50; Water bottle with logo for sale: 89",GRAVEL & CROSS BIKES
24891,yes,GRAVEL & CROSS BIKES,Gravel size 58cm (180-195 cm),https://rentabike.fo/product/principia-gravel-30-58cm-20g-shimano-grx400-hydr-disc/,,From kr.150.00 - kr.400.00 Unit Price,day ranges,1 - 1 days: kr.400.00 / Day,2 - 6 days: kr.350.00 / Day,7 - 13 days: kr.300.00 / Day,14 - 20 days: kr.250.00 / Day,21 - 27 days: kr.200.00 / Day,28 - 60 days: kr.150.00 / Day,3,Principia Gravel 30 - 58cm,Design-uden-navn-6.png,Design-uden-navn-2022-08-30T111211.496.png,https://rentabike.fo/wp-content/uploads/2024/04/Design-uden-navn-6.png | https://rentabike.fo/wp-content/uploads/2022/08/Design-uden-navn-2022-08-30T111211.496.png,Gravel size 58cm (180-195 cm),,"Principia Gravel 30 aluminum 20 gear.
Cassette Sunrace CSMS1 10sp 11-34T and crankset Shimano GRX RX600 46-30T.
Front brake Shimano GRX RX400 hydraulic disc brake, 160 mm rotor and rear brake Shimano GRX RX400 hydraulic disc brake, 160 mm rotor.
Wheels: Aluminum with thru-axle (12x125mm front, 12×160.5mm rear).
Wheel size: 28in (700).
Tires: Panaracer GravelKing SK 700x38C.
Weight: 10.5kg.
or
Nishiki Gravel All Road alminium 20 gear.
Shimano Tiagra 4700 / Shimano Tiagra RD-4700 GS.
Shimano ST-4700 2×10.
Cassette: Shimano HG500 10sp 11-34 and crankset Samox AF37 50/34T 170mm /FSA TH-BB7420 STSQ, 110,5 mm.
Front brake Tektro HD-C705 semihydraulisk skivebremse and rear brake Tektro HD-C705 semihydraulisk skivebremse.
Wheel: Lite Asymetrisk disc.
Wheel size :28in (700).
Tires :Panaracer GravelKing SK 40-622.
Weight :11,3kg.","1 frame bag for rent (3l.): 100; 1 front bag for rent (3l.): 100; 1 saddle bag for rent (8l.-13l./14l.): 100; 2 rental bag for rear rack (2*20l) and rear rack: 200; 3 rental bag for rear rack (2*20l) and rear rack: 250; Bag storrage - one bag: 100; Bike carrier for car back door: 100; Bike carrier for car hook for rent: 100; Garmin/Wahoo GPS out front compatibel med GoPro: 100; Helmet for rent: 50; Pedals for MTB (SPD) for rent: 100; Pedals for Road Bike (SPD-SL) for rent: 100; Pedals Look Keo for rent: 100; Rear rack for rent: 100; Smartphone Mount for rent. Max device size 6,6''.: 50; Water bottle with logo for sale: 89",GRAVEL & CROSS BIKES
24982,yes,GRAVEL & CROSS BIKES,Gravel size 61cm (185-205 cm),https://rentabike.fo/product/gravel-30-size-61cm/,,From kr.150.00 - kr.400.00 Unit Price,day ranges,1 - 1 days: kr.400.00 / Day,2 - 6 days: kr.350.00 / Day,7 - 13 days: kr.300.00 / Day,14 - 20 days: kr.250.00 / Day,21 - 27 days: kr.200.00 / Day,28 - 60 days: kr.150.00 / Day,2,Principia Gravel 30 – 61cm,Design-uden-navn-6.png,Design-uden-navn-2022-08-30T111211.496.png,https://rentabike.fo/wp-content/uploads/2024/04/Design-uden-navn-6.png | https://rentabike.fo/wp-content/uploads/2022/08/Design-uden-navn-2022-08-30T111211.496.png,Gravel size 61cm (185-205 cm),,"Principia Gravel 30 aluminum 20 gear size 61.
Cassette Sunrace CSMS1 10sp 11-34T and crankset Shimano GRX RX600 46-30T.
Front brake Shimano GRX RX400 hydraulic disc brake, 160 mm rotor and rear brake Shimano GRX RX400 hydraulic disc brake, 160 mm rotor.
Wheels: Aluminum with thru-axle (12x125mm front, 12×160.5mm rear).
Wheel size: 28in (700).
Tires: Panaracer GravelKing SK 700x38C.
Weight: 10.5kg.
or
Nishiki Gravel All Road alminium 20 gear size 24.
Shimano Tiagra 4700 / Shimano Tiagra RD-4700 GS.
Shimano ST-4700 2×10.
Cassette: Shimano HG500 10sp 11-34 and crankset Samox AF37 50/34T 170mm /FSA TH-BB7420 STSQ, 110,5 mm.
Front brake Tektro HD-C705 semihydraulisk skivebremse and rear brake Tektro HD-C705 semihydraulisk skivebremse.
Wheel: Lite Asymetrisk disc.
Wheel size :28in (700).
Tires :Panaracer GravelKing SK 40-622.
Weight :11,3kg.","1 frame bag for rent (3l.): 100; 1 front bag for rent (3l.): 100; 1 saddle bag for rent (8l.-13l./14l.): 100; 2 rental bag for rear rack (2*20l) and rear rack: 200; 3 rental bag for rear rack (2*20l) and rear rack: 250; Bag storrage - one bag: 100; Bike carrier for car back door: 100; Bike carrier for car hook for rent: 100; Garmin/Wahoo GPS out front compatibel med GoPro: 100; Helmet for rent: 50; Pedals for MTB (SPD) for rent: 100; Pedals for Road Bike (SPD-SL) for rent: 100; Pedals Look Keo for rent: 100; Rear rack for rent: 100; Smartphone Mount for rent. Max device size 6,6''.: 50; Water bottle with logo for sale: 89",GRAVEL & CROSS BIKES
1046,yes,GRAVEL & CROSS BIKES,Hybrid carbon size 53 (169-176 cm),https://rentabike.fo/product/mixed-surface-size-53/,X5-53,From kr.200.00 - kr.450.00 Unit Price,day ranges,1 - 1 days: kr.450.00 / Day,2 - 6 days: kr.400.00 / Day,7 - 13 days: kr.350.00 / Day,14 - 20 days: kr.300.00 / Day,21 - 27 days: kr.250.00 / Day,28 - 60 days: kr.200.00 / Day,1,Felt FX5 Hybrid 53,C5AFB559-17DD-4E34-BC0C-D9ED564ADADF-e1566394241605.jpeg,,https://rentabike.fo/wp-content/uploads/2019/08/C5AFB559-17DD-4E34-BC0C-D9ED564ADADF-e1566394241605.jpeg,Hybrid carbon size 53 (169-176 cm),"The Felt F5x hybrid bike has a UHC Advanced + TeXtreme carbon frame and fork, making for a stiff and efficient pedaling platform that also reduces the rough hits and chatter found on the roughest cyclocross race courses.
Built with a Shimano 105 drivetrain for smooth shifting and dependability and Schwalbe X-One tires to help reduce flats and allow you to dial in your preferred tire pressure for the muddiest and wettest conditions.",,"1 frame bag for rent (3l.): 100; 1 front bag for rent (3l.): 100; 1 saddle bag for rent (8l.-13l./14l.): 100; Bag storrage - one bag: 100; Bike carrier for car back door: 100; Bike carrier for car hook for rent: 100; Garmin/Wahoo GPS out front compatibel med GoPro: 100; Helmet for rent: 50; Pedals for MTB (SPD) for rent: 100; Pedals for Road Bike (SPD-SL) for rent: 100; Rear rack for rent: 100; Smartphone Mount for rent. Max device size 6,6''.: 50; Water bottle with logo for sale: 89",GRAVEL & CROSS BIKES | RENT A BIKE
995,yes,GRAVEL & CROSS BIKES,Hybrid carbon size 55 (174-181 cm),https://rentabike.fo/product/mixed-surface-size-55/,X5-55,From kr.200.00 - kr.450.00 Unit Price,day ranges,1 - 1 days: kr.450.00 / Day,2 - 6 days: kr.400.00 / Day,7 - 13 days: kr.350.00 / Day,14 - 20 days: kr.300.00 / Day,21 - 27 days: kr.250.00 / Day,28 - 60 days: kr.200.00 / Day,1,Felt FX5 Hybrid 55,C5AFB559-17DD-4E34-BC0C-D9ED564ADADF-e1566394241605.jpeg,,https://rentabike.fo/wp-content/uploads/2019/08/C5AFB559-17DD-4E34-BC0C-D9ED564ADADF-e1566394241605.jpeg,Hybrid carbon size 55 (174-181 cm),,"The Felt F5x hybrid bike has a UHC Advanced + TeXtreme carbon frame and fork, making for a stiff and efficient pedaling platform that also reduces the rough hits and chatter found on the roughest cyclocross race courses.
Built with a Shimano 105 drivetrain for smooth shifting and dependability and Schwalbe X-One tires to help reduce flats and allow you to dial in your preferred tire pressure for the muddiest and wettest conditions.","1 frame bag for rent (3l.): 100; 1 front bag for rent (3l.): 100; 1 saddle bag for rent (8l.-13l./14l.): 100; Bag storrage - one bag: 100; Bike carrier for car back door: 100; Bike carrier for car hook for rent: 100; Garmin/Wahoo GPS out front compatibel med GoPro: 100; Helmet for rent: 50; Pedals for MTB (SPD) for rent: 100; Pedals for Road Bike (SPD-SL) for rent: 100; Pedals Look Keo for rent: 100; Smartphone Mount for rent. Max device size 6,6''.: 50; Water bottle with logo for sale: 89",GRAVEL & CROSS BIKES | RENT A BIKE
13233,yes,GRAVEL & CROSS BIKES,Gravel Breed size 54 (170-176 cm),https://rentabike.fo/product/gravel-size-54/,BBRENT BREED,From kr.200.00 - kr.450.00 Unit Price,day ranges,1 - 1 days: kr.450.00 / Day,2 - 6 days: kr.400.00 / Day,7 - 13 days: kr.350.00 / Day,14 - 20 days: kr.300.00 / Day,21 - 27 days: kr.250.00 / Day,28 - 60 days: kr.200.00 / Day,1,Gravel Felt Breed  54 (170-176cm),Untitled-design-2022-07-11T144508.058.png,,https://rentabike.fo/wp-content/uploads/2022/07/Untitled-design-2022-07-11T144508.058.png,Gravel Breed size 54 (170-176 cm),,"Felt Gravel Race Disc Superlite custom butted aluminum, hydroform smooth welded construction, T47 86 bottom bracket shell, 12 x 142mm with Syntace style thru axle, flat mount disc brake standard, replaceable rear derailleur hanger, internal mechanical cable routing","1 frame bag for rent (3l.): 100; 1 front bag for rent (3l.): 100; 1 saddle bag for rent (8l.-13l./14l.): 100; Bag storrage - one bag: 100; Bike carrier for car back door: 100; Bike carrier for car hook for rent: 100; Garmin/Wahoo GPS out front compatibel med GoPro: 100; Helmet for rent: 50; Pedals for MTB (SPD) for rent: 100; Pedals for Road Bike (SPD-SL) for rent: 100; Pedals Look Keo for rent: 100; Smartphone Mount for rent. Max device size 6,6''.: 50; Water bottle with logo for sale: 89",GRAVEL & CROSS BIKES | RENT A BIKE
17439,yes,GRAVEL & CROSS BIKES,Gravel Carbon G1 size 52 (172-184 cm),https://rentabike.fo/product/principa-gravel-carbon-g1-size-52-172-184-cm/,,From kr.200.00 - kr.450.00 Unit Price,day ranges,1 - 1 days: kr.450.00 / Day,2 - 6 days: kr.400.00 / Day,7 - 13 days: kr.350.00 / Day,14 - 20 days: kr.300.00 / Day,21 - 27 days: kr.250.00 / Day,28 - 60 days: kr.200.00 / Day,1,Principa Gravel Carbon G1 size 52,Untitled-design-2023-03-16T164053.989.png,,https://rentabike.fo/wp-content/uploads/2023/03/Untitled-design-2023-03-16T164053.989.png,Gravel Carbon G1 size 52 (172-184 cm),,"Principia Gravel Carbon opsummerer alt det gode fra MTB, Cross og Race, så du kan lade det impulsive råde. Du kan køre hurtigt på landevejen, lave en afstikker på skovstien og race hjem ad grusvejen. Principia Gravel Carbon følger dig året rundt. Kort fortalt sætter Gravel ingen begrænsninger.
Som én af de alle første cykler i Danmark er modellen udstyret med Shimano GRX, en geargruppe som er dedikeret til gravel. Shimano GRX er altså optimeret til gravel, hvad angår gearing, ergonomi, robusthed, stabilitet og mere til.
Udover at være udstyret med Shimano GRX bygger modellen også på vores første carbon ramme til gravelcykler. Rammen er både let, stiv og manøvrebar. Derudover har den en lang række beslag til tasker og tilbehør, som gør den ideel til bikepacking-ture.
Samtidig har modellen også de gravel-specifikke Panaracer GravelKing SK dæk, stærke hydrauliske skivebremser og meget mere.
Principia Gravel Carbon har alt det, der skal til for at præstere over alt, året rundt.","1 frame bag for rent (3l.): 100; 1 front bag for rent (3l.): 100; 1 saddle bag for rent (8l.-13l./14l.): 100; Bag storrage - one bag: 100; Garmin/Wahoo GPS out front compatibel med GoPro: 100; Helmet for rent: 50; Pedals for MTB (SPD) for rent: 100; Pedals for Road Bike (SPD-SL) for rent: 100; Pedals Look Keo for rent: 100; Rear rack for rent: 100; Smartphone Mount for rent. Max device size 6,6''.: 50; Water bottle with logo for sale: 89",GRAVEL & CROSS BIKES
121,yes,ROAD BIKES,Road Bike aluminum size 51 (159-168 cm),https://rentabike.fo/product/bike-model-51/,Bike 51,From kr.150.00 - kr.400.00 Unit Price,day ranges,1 - 1 days: kr.400.00 / Day,2 - 6 days: kr.350.00 / Day,7 - 13 days: kr.300.00 / Day,14 - 20 days: kr.250.00 / Day,21 - 27 days: kr.200.00 / Day,28 - 60 days: kr.150.00 / Day,1,Road Bike Aluminum 51,Untitled-design-2023-03-16T163638.565.png,,https://rentabike.fo/wp-content/uploads/2017/10/Untitled-design-2023-03-16T163638.565.png,Road Bike aluminum size 51 (159-168 cm),,,"1 frame bag for rent (3l.): 100; 1 front bag for rent (3l.): 100; 1 saddle bag for rent (8l.-13l./14l.): 100; Bag storrage - one bag: 100; Bike carrier for car back door: 100; Bike carrier for car hook for rent: 100; Garmin/Wahoo GPS out front compatibel med GoPro: 100; Helmet for rent: 50; Pedals for MTB (SPD) for rent: 100; Pedals for Road Bike (SPD-SL) for rent: 100; Pedals Look Keo for rent: 100; Smartphone Mount for rent. Max device size 6,6''.: 50; Water bottle with logo for sale: 89",RENT A BIKE | ROAD BIKES
64,yes,ROAD BIKES,Road Bike carbon size 54 (167-173 cm),https://rentabike.fo/product/bike-model-54/,Bike 54,From kr.250.00 - kr.450.00 Unit Price,day ranges,1 - 1 days: kr.450.00 / Day,2 - 6 days: kr.400.00 / Day,7 - 20 days: kr.350.00 / Day,21 - 27 days: kr.300.00 / Day,27 - 60 days: kr.250.00 / Day,,2,Road Bike Cabon 54,Design-uden-navn-90.png,,https://rentabike.fo/wp-content/uploads/2017/10/Design-uden-navn-90.png,Road Bike carbon size 54 (167-173 cm),This is one of the most robust and light weight bike models on the market,"The Felt VR6 road carbon bike encourage you to travel fast and long on surfaced roads.
The bike has a high-utility selection of performance componentry. Shimano Tiagra shifters and derailleurs and an FSA Omega Adventure crankset featuring super-compact gearing make for efficient climbing, while hydraulic disc brakes provide the latest in road bike control and descending technology.
FREEWHEEL:
Shimano Tiagra 10-speed, 11-34T and 46/30","1 frame bag for rent (3l.): 100; 1 front bag for rent (3l.): 100; 1 saddle bag for rent (8l.-13l./14l.): 100; Bag storrage - one bag: 100; Bike carrier for car back door: 100; Bike carrier for car hook for rent: 100; Garmin/Wahoo GPS out front compatibel med GoPro: 100; Helmet for rent: 50; Pedals for MTB (SPD) for rent: 100; Pedals for Road Bike (SPD-SL) for rent: 100; Pedals Look Keo for rent: 100; Smartphone Mount for rent. Max device size 6,6''.: 50; Water bottle with logo for sale: 89",RENT A BIKE | ROAD BIKES
123,yes,ROAD BIKES,Road Bike carbon size 56 (172-184 cm),https://rentabike.fo/product/bike-model-56/,Bike 56,From kr.250.00 - kr.450.00 Unit Price,day ranges,1 - 1 days: kr.450.00 / Day,2 - 6 days: kr.400.00 / Day,7 - 20 days: kr.350.00 / Day,21 - 27 days: kr.300.00 / Day,28 - 60 days: kr.250.00 / Day,,4,Road Bike carbon 56,Design-uden-navn-90.png,,https://rentabike.fo/wp-content/uploads/2017/10/Design-uden-navn-90.png,Road Bike carbon size 56 (172-184 cm),This is one of the most robust and light weight bike models on the market,"The Felt VR6 road carbon bike encourage you to travel fast and long on surfaced roads.
The bike has a high-utility selection of performance componentry. Shimano Tiagra shifters and derailleurs and an FSA Omega Adventure crankset featuring super-compact gearing make for efficient climbing, while hydraulic disc brakes provide the latest in road bike control and descending technology.","1 frame bag for rent (3l.): 100; 1 front bag for rent (3l.): 100; 1 saddle bag for rent (8l.-13l./14l.): 100; Bag storrage - one bag: 100; Bike carrier for car back door: 100; Bike carrier for car hook for rent: 100; Garmin/Wahoo GPS out front compatibel med GoPro: 100; Helmet for rent: 50; Pedals for MTB (SPD) for rent: 100; Pedals for Road Bike (SPD-SL) for rent: 100; Pedals Look Keo for rent: 100; Smartphone Mount for rent. Max device size 6,6''.: 50; Water bottle with logo for sale: 89",RENT A BIKE | ROAD BIKES
124,yes,ROAD BIKES,Road Bike carbon size 58 (177-189 cm),https://rentabike.fo/product/bike-model-58/,Bike 58,From kr.250.00 - kr.450.00 Unit Price,day ranges,1 - 1 days: kr.450.00 / Day,2 - 6 days: kr.400.00 / Day,7 - 20 days: kr.350.00 / Day,21 - 27 days: kr.300.00 / Day,28 - 60 days: kr.250.00 / Day,,1,Road Bike Carbon 58,Design-uden-navn-90.png,,https://rentabike.fo/wp-content/uploads/2017/10/Design-uden-navn-90.png,Road Bike carbon size 58 (177-189 cm),This is one of the most robust and light weight bike models on the market.,"The Felt VR6 road carbon bike encourage you to travel fast and long on surfaced roads.
The bike has a high-utility selection of performance componentry. Shimano Tiagra shifters and derailleurs and an FSA Omega Adventure crankset featuring super-compact gearing make for efficient climbing, while hydraulic disc brakes provide the latest in road bike control and descending technology.","1 frame bag for rent (3l.): 100; 1 front bag for rent (3l.): 100; 1 saddle bag for rent (8l.-13l./14l.): 100; Bag storrage - one bag: 100; Bike carrier for car back door: 100; Bike carrier for car hook for rent: 100; Garmin/Wahoo GPS out front compatibel med GoPro: 100; Helmet for rent: 50; Pedals for MTB (SPD) for rent: 100; Pedals for Road Bike (SPD-SL) for rent: 100; Pedals Look Keo for rent: 100; Smartphone Mount for rent. Max device size 6,6''.: 50; Water bottle with logo for sale: 89",RENT A BIKE | ROAD BIKES
12942,yes,ROAD BIKES,Road Bike Felt FR2W carbon size 54 (167-173 cm),https://rentabike.fo/product/road-bike-felt-fr2w-stodd-54/,Bike 54-1-1,From kr.300.00 - kr.500.00 Unit Price,day ranges,1 - 1 days: kr.500.00 / Day,2 - 6 days: kr.450.00 / Day,7 - 20 days: kr.400.00 / Day,21 - 27 days: kr.350.00 / Day,28 - 60 days: kr.300.00 / Day,,1,Road Bike carbon Felt FR2W  Size 54,Untitled-design-2022-07-11T143812.284.png,,https://rentabike.fo/wp-content/uploads/2022/07/Untitled-design-2022-07-11T143812.284.png,Road Bike Felt FR2W carbon size 54 (167-173 cm),This is one of the most robust and light weight bike models on the market,"Designed for the modern racer, the FR2W Disc is crafted from Felt’s UHC Advanced + TeXtreme carbon fiber for a high stiffness-to-weight ratio that maximizes performance by ensuring that no watt is wasted. Built with a selection of advanced components like a Shimano Ultegra Di2 electronic drivetrain, as well as DT Swiss FC1600 wheels, the FR2 Disc also features the latest standard in road bike technology, disc brakes, for optimal control in all conditions.","1 frame bag for rent (3l.): 100; 1 front bag for rent (3l.): 100; 1 saddle bag for rent (8l.-13l./14l.): 100; Bag storrage - one bag: 100; Garmin/Wahoo GPS out front compatibel med GoPro: 100; Helmet for rent: 50; Pedals for MTB (SPD) for rent: 100; Pedals for Road Bike (SPD-SL) for rent: 100; Pedals Look Keo for rent: 100; Smartphone Mount for rent. Max device size 6,6''.: 50; Water bottle with logo for sale: 89",RENT A BIKE | ROAD BIKES
12937,yes,ROAD BIKES,Road Bike FR2 carbon size 56 (172-184 cm),https://rentabike.fo/product/road-bike-carbon-size-54-167-173-cm/,Bike 54-1,From kr.300.00 - kr.500.00 Unit Price,day ranges,1 - 1 days: kr.500.00 / Day,2 - 6 days: kr.450.00 / Day,7 - 20 days: kr.400.00 / Day,21 - 27 days: kr.350.00 / Day,28 - 60 days: kr.300.00 / Day,,1,Road Bike Felt FR2 Disc. Size 56,Untitled-design-2022-07-11T144010.667.png,,https://rentabike.fo/wp-content/uploads/2022/07/Untitled-design-2022-07-11T144010.667.png,Road Bike FR2 carbon size 56 (172-184 cm),This is one of the most robust and light weight bike models on the market,"The FR2 Disc features all of the incredible technology found in the entire FR Series, as well as the additional benefits of disc brakes: greater stopping power, increased modulation, and more control. It’s crafted from Felt’s UHC Advanced + TeXtreme carbon fiber for a high stiffness-to-weight ratio that maximizes rider performance by ensuring that no watt is wasted. Built with a selection of advanced components like a SRAM eTap wireless electronic drivetrain, as well as Zipp 30 Course, tubeless-ready wheels, the FR2 Disc offers maximum performance in all riding conditions.","1 frame bag for rent (3l.): 100; 1 front bag for rent (3l.): 100; 1 saddle bag for rent (8l.-13l./14l.): 100; Bag storrage - one bag: 100; Garmin/Wahoo GPS out front compatibel med GoPro: 100; Helmet for rent: 50; Pedals for MTB (SPD) for rent: 100; Pedals for Road Bike (SPD-SL) for rent: 100; Pedals Look Keo for rent: 100; Smartphone Mount for rent. Max device size 6,6''.: 50; Water bottle with logo for sale: 89",RENT A BIKE | ROAD BIKES
17436,yes,ROAD BIKES,Road Bike Felt AR Advanced Ultegra DI2 – size 54 (172-178),https://rentabike.fo/product/felt-ar-advanced-ultegra-di2-size-54/,,From kr.300.00 - kr.550.00 Unit Price,day ranges,1 - 1 days: kr.550.00 / Day,2 - 6 days: kr.500.00 / Day,7 - 13 days: kr.450.00 / Day,14 - 20 days: kr.400.00 / Day,21 - 27 days: kr.350.00 / Day,28 - 60 days: kr.300.00 / Day,1,FELT AR ADVANCED ULTEGRA DI2. size 54,Untitled-design-2022-07-11T144319.069.png,,https://rentabike.fo/wp-content/uploads/2022/07/Untitled-design-2022-07-11T144319.069.png,Road Bike Felt AR Advanced Ultegra DI2 - size 54 (172-178),,"This is the all-new AR, and it’s the fastest road bike we’ve ever created. Yes, it’s insanely aerodynamic—the result of the most taxing development process we’ve ever undertaken. But it also features our most sophisticated carbon chassis ever, as well as disc brakes and impeccable handling. So, actually, it’s not just faster. It’s better, in every way possible.
Frame Felt AR 3.0, UHC Advanced + TeXtreme carbon
Fork Felt AR 3.0, UHC Ultimate + TeXtreme carbon
Front brake Shimano BR-R8170, 2-piston, Hydraulic disc brake
Front brake rotor Shimano RT-MT800, 160 mm, Center lock
Rear brake Shimano BR-R8170, 2-piston, Hydraulic disc brake
Rear brake rotor Shimano RT-MT800, 140 mm, Center lock
Rear derailleur Shimano Ultegra Di2, RD-R8150, Shadow, 24-S
Front derailleur Shimano Ultegra Di2, FD-R8150
Cassette Shimano CS-R8100, 11-30 T
Chain Shimano CN-M8100
Crankset Shimano Ultegra, FC-R8100, 52/36 T
Shift lever Shimano Ultegra Di2, ST-R8170
Wheelset Reynolds AR58 DB Custom, Tubeless ready, Center lock, 12×100/12×142 mm
Tire Continental Grand Prix SL, 700×25","Bag storrage - one bag: 100; Garmin/Wahoo GPS out front compatibel med GoPro: 100; Helmet for rent: 50; Pedals for MTB (SPD) for rent: 100; Pedals for Road Bike (SPD-SL) for rent: 100; Pedals Look Keo for rent: 100; Smartphone Mount for rent. Max device size 6,6''.: 50; Water bottle with logo for sale: 89",ROAD BIKES
32460,yes,EXTRA,Helmets for rent,https://rentabike.fo/product/helmets-for-rent/,,kr.50.00 Unit Price,general,any: kr.50.00 / days,,,,,,20,Helmets for rent,Design-uden-navn-95.png,,https://rentabike.fo/wp-content/uploads/2026/08/Design-uden-navn-95.png,Helmets for rent,,,,EXTRA
32359,yes,EXTRA,Pedals for rent,https://rentabike.fo/product/pedals-for-rent/,,kr.100.00 - kr.150.00 Unit Price,day ranges,1 - 6 days: kr.100.00 Fixed,7 - 13 days: kr.150.00 Fixed,,,,,6,Bike pedals,Pedalir.png,,https://rentabike.fo/wp-content/uploads/2026/08/Pedalir.png,Pedals for rent,,"Rent pedals for your own bike.
If you are travelling with your own bike and need pedals for your trip in the Faroe Islands, you can rent pedals here.
Please write in the comment field which type of pedals you need, for example Shimano SPD pedals for gravel/mountain bike cleats.",,EXTRA
28697,yes,EXTRA,Bags for rear rack (2*20L),https://rentabike.fo/product/2-bags-for-rear-rack-220l/,,kr.200.00 - kr.300.00 Unit Price,day ranges,1 - 6 days: kr.200.00 Fixed,7 - 13 days: kr.300.00 Fixed,,,,,3,2 bags for rear rack (2*20L),Untitled-design-8.png,,https://rentabike.fo/wp-content/uploads/2022/03/Untitled-design-8.png,Bags for rear rack (2*20L),,,,EXTRA
28700,yes,EXTRA,Bag Geosmina Pannier 13 L,https://rentabike.fo/product/1-geosmina-pannier-bag-3l/,,kr.200.00 - kr.300.00 Unit Price,day ranges,1 - 6 days: kr.200.00 Fixed,7 - 13 days: kr.300.00 Fixed,,,,,2,Geosmina Pannier Bag 13l,Design-uden-navn-52.png,,https://rentabike.fo/wp-content/uploads/2024/06/Design-uden-navn-52.png,Bag Geosmina Pannier 13 L,,"Geosmina Little Pannier Bag black 33×26,5x14cm 13l",,EXTRA
28702,yes,EXTRA,Bag Geosmina Pannier 25L,https://rentabike.fo/product/1-geosmina-big-pannier-bag-25l/,,kr.250.00 - kr.350.00 Unit Price,day ranges,1 - 6 days: kr.250.00 Fixed,7 - 13 days: kr.350.00 Fixed,,,,,2,Geosmina Big Pannier Bag 25l,Design-uden-navn-2024-07-08T174611.830.png,Design-uden-navn-53.png,https://rentabike.fo/wp-content/uploads/2024/07/Design-uden-navn-2024-07-08T174611.830.png | https://rentabike.fo/wp-content/uploads/2024/06/Design-uden-navn-53.png,Bag Geosmina Pannier 25L,,Geosmina Big Pannier Bag Black 40×35/30x17cm 25l 1150g,,EXTRA
17079,yes,EXTRA,Children seat for bike – from 12 months and up 22 kg,https://rentabike.fo/product/child-seat-for-children-from-12-months-and-up-22-kg/,309200060-1,kr.300.00 - kr.500.00 Unit Price,day ranges,1 - 6 days: kr.300.00 Fixed,7 - 13 days: kr.500.00 Fixed,,,,,2,Child seat  for children from 12 months and up 22 kg,Untitled-design-14.png,,https://rentabike.fo/wp-content/uploads/2022/03/Untitled-design-14.png,Children seat for bike - from 12 months and up 22 kg,,,,EXTRA
24871,yes,EXTRA,"Children’s Tag-along-bike for 4 to 10 years old (up to 38,5 kg)",https://rentabike.fo/product/tag-along-bike-for-4-to-10-years-old-and-up-to-385-kg/,,"kr.600.00 - kr.14,000.00 Unit Price",day ranges,1 - 6 days: kr.600.00 Fixed,"7 - 13 days: kr.1,000.00 Fixed","14 - 20 days: kr.14,000.00 Fixed",,,,1,Tag-along-bike for 4 to 10 years,Design-uden-navn-2023-09-30T140649.842.png,,https://rentabike.fo/wp-content/uploads/2023/09/Design-uden-navn-2023-09-30T140649.842.png,"Children's Tag-along-bike for 4 to 10 years old (up to 38,5 kg)",,,,EXTRA
28705,yes,EXTRA,Bag/Luggage storage slot,https://rentabike.fo/product/1-luggage-storage-slot/,slot,kr.300.00 - kr.600.00 Unit Price,day ranges,1 - 6 days: kr.300.00 Fixed,7 - 13 days: kr.450.00 Fixed,14 - 20 days: kr.600.00 Fixed,,,,10,1 luggage storage slot,Design-uden-navn-2025-05-02T171126.520.png,,https://rentabike.fo/wp-content/uploads/2025/05/Design-uden-navn-2025-05-02T171126.520.png,Bag/Luggage storage slot,,,,EXTRA
28179,yes,EXTRA,Blå Band,https://rentabike.fo/product/bla-band/,732255007,kr.79.00,fixed product price,,,,,,,,,Design-uden-navn-56.png,,https://rentabike.fo/wp-content/uploads/2023/08/Design-uden-navn-56.png,Blå Band,,,,EXTRA | ORKA
20265,yes,EXTRA,Universal Gas,https://rentabike.fo/product/universal-gas/,96466,kr.79.00,fixed product price,,,,,,,,,936379ad-ed41-46cc-8c00-6ba2345b7237-e1699280615763.jpg,,https://rentabike.fo/wp-content/uploads/2023/08/936379ad-ed41-46cc-8c00-6ba2345b7237-e1699280615763.jpg,Universal Gas,,,,EXTRA | ÚTGERÐ TIL SÚKKLUNA
14267,yes,EXTRA,Bag for bike transport – soft (súkklutaska),https://rentabike.fo/product/bike-transport-bag-soft/,130110,"kr.400.00 - kr.1,200.00 Unit Price",day ranges,1 - 6 days: kr.400.00 Fixed,7 - 13 days: kr.800.00 Fixed,"14 - 20 days: kr.1,200.00 Fixed",,,,2,Soft bike transport bag,Design-uden-navn-2022-10-12T133141.892.png,,https://rentabike.fo/wp-content/uploads/2022/10/Design-uden-navn-2022-10-12T133141.892.png,Bag for bike transport - soft (súkklutaska),,110cm * 130 cm * 20 cm,,EXTRA
28199,yes,EXTRA,Biketransport bag EVOC (súkklutaska),https://rentabike.fo/product/evoc-sukklutaska/,,"kr.600.00 - kr.1,400.00 Unit Price",day ranges,1 - 6 days: kr.600.00 Fixed,"7 - 13 days: kr.1,000.00 Fixed","14 - 20 days: kr.1,400.00 Fixed",,,,2,EVOC Bike Bag,Design-uden-navn-2024-10-01T153510.499.png,Design-uden-navn-2024-10-01T153836.674.png,https://rentabike.fo/wp-content/uploads/2024/10/Design-uden-navn-2024-10-01T153510.499.png | https://rentabike.fo/wp-content/uploads/2024/10/Design-uden-navn-2024-10-01T153836.674.png,Biketransport bag EVOC (súkklutaska),,"Cykelkuffert til stort set alle typer af cykler, hvor de fleste kufferter kun passer til en racercykel kan denne fra EVOC let klare en stor 29″ MTB (hvis du lukker luften ud). Der er hjul under kufferten, og den er relativt let, så du kan nemt transportere den rundt i f.eks. lufthavne.",,EXTRA
13380,yes,EXTRA,Viðfestivognur Brenderup,https://rentabike.fo/product/vidfestisvognur-brenderup/,313789,From kr.400.00 Unit Price,day ranges,1 - 7 days: kr.400.00 / Day,,,,,,1,Viðfestisvognur Brenderup,Design-uden-navn-2022-08-26T164919.864.png,,https://rentabike.fo/wp-content/uploads/2022/08/Design-uden-navn-2022-08-26T164919.864.png,Viðfestivognur Brenderup,,"Totalvekt 1300 kg
Makslast 802 kg
Egenvekt 498 kg
Kassemål 260 x 155 x 185 cm
Totalmål 405 x 204 x 249 cm
Lastehøyde 620 cm
Indvendigt lys, dør og surringsbeslag for sikker læsning.",,EXTRA
13238,no (hidden from catalog),,E-Bike Centurion size 51 (166 – 180 cm),https://rentabike.fo/product/e-bike-centurion-size-51-cm/,Centuri55,From kr.200.00 - kr.450.00 Unit Price,day ranges,1 - 1 days: kr.450.00 / Day,2 - 6 days: kr.400.00 / Day,7 - 13 days: kr.350.00 / Day,14 - 20 days: kr.300.00 / Day,21 - 27 days: kr.250.00 / Day,28 - 60 days: kr.200.00 / Day,1,,Design-uden-navn-2022-03-15T132633.617.png,The-display-has-2-differrent-assist-functions-•-Assist-levels-1-5-choosable-by-using-updown-buttons.-•-Walk-assist-is-selected-by-holding-down-the-down-button.-•-Light-is-toggled-on-and-off-b.png,https://rentabike.fo/wp-content/uploads/2022/03/Design-uden-navn-2022-03-15T132633.617.png | https://rentabike.fo/wp-content/uploads/2022/08/The-display-has-2-differrent-assist-functions-•-Assist-levels-1-5-choosable-by-using-updown-buttons.-•-Walk-assist-is-selected-by-holding-down-the-down-button.-•-Light-is-toggled-on-and-off-b.png,E-Bike Centurion size 51 (166 - 180 cm),,"Centurions topmodel, Zero, har med denne elcykel skabt et nyt topniveau. Et stilrent og udfordrende design samt unikke grafiske detaljer matcher elcyklens høje udstyrsniveau og komfort. Zero E er en fuldent kombination af de bedste Centurion elementer, nemlig funktionalitet og design, som tages op på et helt nyt niveau med sin kraftfulde elmotor. Den ultimative Centurion er gjort endnu bedre, og er perfekt til dig, der ikke vil gå på kompromis.
Downtube batteri op til 80 km.","1 bag for rear rack for rent (8l.): 50; 2 rental bags for rear rack (2*20l.): 100; 3 bags for rear rack for rent (2*20l.+10l.)): 150; Bag storrage - one bag: 100; Basket 23-25 liter for rear rack for rent: 100; Helmet for rent: 50; Smartphone Mount for rent. Max device size 6,6''.: 50; Water bottle with logo for sale: 89",E-BIKES | RENT A BIKE
12958,no (hidden from catalog),,E-Bike Centurion size 55 (172-186 cm),https://rentabike.fo/product/e-bike-size-51-165-180-cm/,Verza-E30-1-1-2,From kr.200.00 - kr.450.00 Unit Price,day ranges,1 - 1 days: kr.450.00 / Day,2 - 6 days: kr.400.00 / Day,7 - 13 days: kr.350.00 / Day,14 - 20 days: kr.300.00 / Day,21 - 27 days: kr.250.00 / Day,28 - 60 days: kr.200.00 / Day,1,55 E-bike Centurion orange (172-186 cm),903219015.jpg,The-display-has-2-differrent-assist-functions-•-Assist-levels-1-5-choosable-by-using-updown-buttons.-•-Walk-assist-is-selected-by-holding-down-the-down-button.-•-Light-is-toggled-on-and-off-b.png,https://rentabike.fo/wp-content/uploads/2022/02/903219015.jpg | https://rentabike.fo/wp-content/uploads/2022/08/The-display-has-2-differrent-assist-functions-•-Assist-levels-1-5-choosable-by-using-updown-buttons.-•-Walk-assist-is-selected-by-holding-down-the-down-button.-•-Light-is-toggled-on-and-off-b.png,E-Bike Centurion size 55 (172-186 cm),,"Centurions topmodel, Zero, har med denne elcykel skabt et nyt topniveau. Et stilrent og udfordrende design samt unikke grafiske detaljer matcher elcyklens høje udstyrsniveau og komfort. Zero E er en fuldent kombination af de bedste Centurion elementer, nemlig funktionalitet og design, som tages op på et helt nyt niveau med sin kraftfulde elmotor. Den ultimative Centurion er gjort endnu bedre, og er perfekt til dig, der ikke vil gå på kompromis.
Downtube batteri op til 80 km.","1 bag for rear rack for rent (8l.): 50; 2 rental bags for rear rack (2*20l.): 100; 3 bags for rear rack for rent (2*20l.+10l.)): 150; Bag storrage - one bag: 100; Basket 23-25 liter for rear rack for rent: 100; Helmet for rent: 50; Smartphone Mount for rent. Max device size 6,6''.: 50; Water bottle with logo for sale: 89",E-BIKES | RENT A BIKE
496,no (hidden from catalog),,E-Bike size 52 (170-185 cm),https://rentabike.fo/product/felt-verza-e30-size-52/,Verza-E30-1-1,From kr.200.00 - kr.450.00 Unit Price,day ranges,1 - 1 days: kr.450.00 / Day,2 - 6 days: kr.400.00 / Day,7 - 13 days: kr.350.00 / Day,14 - 20 days: kr.300.00 / Day,21 - 27 days: kr.250.00 / Day,28 - 60 days: kr.200.00 / Day,1,52 Felt Electric-Bike,Untitled-design-2022-03-08T155713.575.jpg,,https://rentabike.fo/wp-content/uploads/2022/03/Untitled-design-2022-03-08T155713.575.jpg,E-Bike size 52 (170-185 cm),,"The Felt VERZA E30 electric bike is a long-lasting transportation tool and a true alternative to driving. One charge gives 120km.
The design combines stable handling, elegant design and modern components that are rarely found in step-through electric bicycles. The result is a fantastic urban bike suitable for comfortable commuting, recreation, grocery shopping and more.","1 bag for rear rack for rent (8l.): 50; 2 rental bags for rear rack (2*20l.): 100; 3 bags for rear rack for rent (2*20l.+10l.)): 150; Bag storrage - one bag: 100; Bike carrier for car back door: 100; Bike carrier for car hook for rent: 100; Helmet for rent: 50; Smartphone Mount for rent. Max device size 6,6''.: 50; Water bottle with logo for sale: 89",E-BIKES | RENT A BIKE
12944,no (hidden from catalog),,E-MTB Centurion – size 19 (160-180 cm),https://rentabike.fo/product/gravel-mtb-e-bike-size-19-160-180-cm/,rentabike1010,From kr.300.00 - kr.550.00 Unit Price,day ranges,1 - 1 days: kr.550.00 / Day,2 - 6 days: kr.500.00 / Day,7 - 13 days: kr.450.00 / Day,14 - 20 days: kr.400.00 / Day,21 - 27 days: kr.350.00 / Day,28 - 60 days: kr.300.00 / Day,1,,Design-uden-navn-2022-08-11T133408.568.png,The-display-has-2-differrent-assist-functions-•-Assist-levels-1-5-choosable-by-using-updown-buttons.-•-Walk-assist-is-selected-by-holding-down-the-down-button.-•-Light-is-toggled-on-and-off-b.png,https://rentabike.fo/wp-content/uploads/2022/08/Design-uden-navn-2022-08-11T133408.568.png | https://rentabike.fo/wp-content/uploads/2022/08/The-display-has-2-differrent-assist-functions-•-Assist-levels-1-5-choosable-by-using-updown-buttons.-•-Walk-assist-is-selected-by-holding-down-the-down-button.-•-Light-is-toggled-on-and-off-b.png,E-MTB Centurion - size 19 (160-180 cm),"Dark Image E is based on a smart and robust frame, and is filled with high-performance components such as a sporty rear-wheel engine, wide gravel tires and external gears.
This E-MTB has Shimano Deore 11/46 and 34T front. Crankbrothers dropper 80 mm. RockShox Judy 120 mm. Handelbar 780 mm. Stem 50 mm.
One battery charge gives 60 km.",,"Bag storrage - one bag: 100; Helmet for rent: 50; Pedals for MTB (SPD) for rent: 100; Pedals for Road Bike (SPD-SL) for rent: 100; Pedals Look Keo for rent: 100; Smartphone Mount for rent. Max device size 6,6''.: 50; Water bottle with logo for sale: 89",E-BIKES | MOUNTAIN BIKES | RENT A BIKE
13239,no (hidden from catalog),,E-MTB Centurion – size 21 (170-190 cm),https://rentabike.fo/product/mtb-e-bike-size-19-160-180-cm-copy/,rentabike1010-0,From kr.300.00 - kr.550.00 Unit Price,day ranges,1 - 1 days: kr.550.00 / Day,2 - 6 days: kr.500.00 / Day,7 - 13 days: kr.450.00 / Day,14 - 20 days: kr.400.00 / Day,21 - 27 days: kr.350.00 / Day,28 - 60 days: kr.300.00 / Day,1,,Design-uden-navn-2022-08-26T171327.158.png,The-display-has-2-differrent-assist-functions-•-Assist-levels-1-5-choosable-by-using-updown-buttons.-•-Walk-assist-is-selected-by-holding-down-the-down-button.-•-Light-is-toggled-on-and-off-b.png,https://rentabike.fo/wp-content/uploads/2022/08/Design-uden-navn-2022-08-26T171327.158.png | https://rentabike.fo/wp-content/uploads/2022/08/The-display-has-2-differrent-assist-functions-•-Assist-levels-1-5-choosable-by-using-updown-buttons.-•-Walk-assist-is-selected-by-holding-down-the-down-button.-•-Light-is-toggled-on-and-off-b.png,E-MTB Centurion - size 21 (170-190 cm),"Dark Image E is based on a smart and robust frame, and is filled with high-performance components such as a sporty rear-wheel engine, wide gravel tires and external gears.
This E-MTB has Shimano Deore 11/46 and 34T front. Crankbrothers dropper 80 mm. RockShox Judy 120 mm. Handelbar 780 mm. Stem 50 mm.
One battery charge gives 60 km.",,"Bag storrage - one bag: 100; Helmet for rent: 50; Pedals for MTB (SPD) for rent: 100; Pedals for Road Bike (SPD-SL) for rent: 100; Pedals Look Keo for rent: 100; Smartphone Mount for rent. Max device size 6,6''.: 50; Water bottle with logo for sale: 89",E-BIKES | MOUNTAIN BIKES | RENT A BIKE
30209,no (hidden from catalog),,E-bike size 48 (160-175 cm),https://rentabike.fo/product/mbk-nobly-1-dame-44cm-26in-hydr-disc-mat-gron/,90525932,From kr.300.00 - kr.450.00 Unit Price,day ranges,1 - 1 days: kr.450.00 / Day,2 - 6 days: kr.400.00 / Day,7 - 13 days: kr.350.00 / Day,14 - 20 days: kr.300.00 / Day,,,3,MBK Nolby 1 48 (160-175 cm),Design-uden-navn-52.png,MBK-Nolby-display-1.jpg,https://rentabike.fo/wp-content/uploads/2026/06/Design-uden-navn-52.png | https://rentabike.fo/wp-content/uploads/2019/02/MBK-Nolby-display-1.jpg,E-bike size 48 (160-175 cm),,"High-end e-bike created for the busy life. Expect first-class comfort combined with sharp handling that delivers cycling joy time and time again. Equipped with a powerful electric system from Yamaha that can tackle any hill – effortlessly. E-bike with 8 gear and hand breaks.
MBK Nolby Range is up to approx. 130 km per charge.
In the Faroe Islands, expect around 100 km depending on wind, hills and support level.","2 rental bags for rear rack (2*20l.): 100; 3 bags for rear rack for rent (2*20l.+10l.)): 150; Bag storrage - one bag: 100; Basket 23-25 liter for rear rack for rent: 100; Garmin/Wahoo GPS out front compatibel med GoPro: 100; Helmet for rent: 50; Pedals for MTB (SPD) for rent: 100; Pedals for Road Bike (SPD-SL) for rent: 100; Pedals Look Keo for rent: 100; Smartphone Mount for rent. Max device size 6,6''.: 50; Water bottle with logo for sale: 89",E-BIKES
